{
  "train": {
    "loss": [
      0.12009356170892715,
      0.08527115732431412,
      0.08146622031927109,
      0.07830271124839783,
      0.07700949162244797,
      0.07568598538637161,
      0.07736458629369736,
      0.07428031414747238,
      0.07307747006416321,
      0.07270427793264389,
      0.07470186799764633,
      0.07437587529420853,
      0.07395309954881668,
      0.07353076338768005,
      0.07291754335165024,
      0.07227960973978043,
      0.07169073820114136,
      0.07163121551275253,
      0.07111949473619461,
      0.07083190232515335,
      0.0717771127820015,
      0.07154659926891327,
      0.07210094481706619,
      0.07114416360855103,
      0.07113824039697647,
      0.07067998498678207,
      0.07039178162813187,
      0.07019416987895966,
      0.07003621757030487,
      0.06992055475711823
    ],
    "accuracy": [
      0.9459431171417236,
      0.9682891368865967,
      0.9724521636962891,
      0.9774399995803833,
      0.9791090488433838,
      0.9812761545181274,
      0.980955183506012,
      0.9837973117828369,
      0.9854722619056702,
      0.9862620830535889,
      0.9830191731452942,
      0.9836028218269348,
      0.9841805696487427,
      0.9849703907966614,
      0.9861044883728027,
      0.9870868921279907,
      0.9881101250648499,
      0.9884486198425293,
      0.9893162250518799,
      0.9898220300674438,
      0.9881004095077515,
      0.9885478019714355,
      0.9884583353996277,
      0.9893512725830078,
      0.9894485473632812,
      0.9902227520942688,
      0.9906721115112305,
      0.9911292791366577,
      0.9912907481193542,
      0.9915436506271362
    ],
    "precision": [
      0.9704700708389282,
      0.9795297384262085,
      0.9812119603157043,
      0.9842372536659241,
      0.9853770732879639,
      0.9865782856941223,
      0.9863100051879883,
      0.9883387684822083,
      0.9896252155303955,
      0.9901666045188904,
      0.9877166748046875,
      0.9882385730743408,
      0.9885775446891785,
      0.98899245262146,
      0.9899201989173889,
      0.9906129837036133,
      0.9914148449897766,
      0.9918874502182007,
      0.992378294467926,
      0.9926880598068237,
      0.991389811038971,
      0.9918758273124695,
      0.9917162656784058,
      0.9924234747886658,
      0.9924770593643188,
      0.9929777979850769,
      0.9933925867080688,
      0.9935579299926758,
      0.9938874244689941,
      0.9940634369850159
    ],
    "recall": [
      0.892417311668396,
      0.9422236084938049,
      0.9530688524246216,
      0.9625114798545837,
      0.9659839272499084,
      0.9702111482620239,
      0.9693006873130798,
      0.9740803837776184,
      0.9769731163978577,
      0.9780469536781311,
      0.9728178977966309,
      0.9738605618476868,
      0.9749888777732849,
      0.9765081405639648,
      0.9781655669212341,
      0.9796499013900757,
      0.9812567234039307,
      0.9815990924835205,
      0.9827682375907898,
      0.9837817549705505,
      0.9810680150985718,
      0.9816029667854309,
      0.9811730980873108,
      0.9828130006790161,
      0.9829355478286743,
      0.9842369556427002,
      0.9850443005561829,
      0.9855928421020508,
      0.9859274625778198,
      0.9863418340682983
    ],
    "auc": [
      0.9917112588882446,
      0.9959008693695068,
      0.9965990781784058,
      0.9973386526107788,
      0.9975907802581787,
      0.9978781938552856,
      0.997817873954773,
      0.9983239769935608,
      0.998550295829773,
      0.9986532926559448,
      0.9981544017791748,
      0.9981868863105774,
      0.9982720613479614,
      0.9983823895454407,
      0.9985474348068237,
      0.9987039566040039,
      0.9988687634468079,
      0.9989352226257324,
      0.9989908933639526,
      0.9990948438644409,
      0.998856782913208,
      0.9989039897918701,
      0.9988117218017578,
      0.9989699125289917,
      0.9989647269248962,
      0.9990538358688354,
      0.9991357326507568,
      0.9991741180419922,
      0.9992244243621826,
      0.9992578029632568
    ]
  },
  "validation": {
    "loss": [
      0.06491538137197495,
      0.06359829753637314,
      0.05309557169675827,
      0.0518503412604332,
      0.05145971104502678,
      0.05488726869225502,
      0.05014318227767944,
      0.049009405076503754,
      0.04870999604463577,
      0.048441655933856964,
      0.049758389592170715,
      0.0495893731713295,
      0.049406588077545166,
      0.04910397529602051,
      0.048949141055345535,
      0.04851067066192627,
      0.04837050661444664,
      0.04807666689157486,
      0.047883421182632446,
      0.04781005159020424,
      0.048385441303253174,
      0.04918839409947395,
      0.048237331211566925,
      0.04805847257375717,
      0.04809506982564926,
      0.04782317578792572,
      0.0477558895945549,
      0.04756360873579979,
      0.04759165272116661,
      0.04764632135629654
    ],
    "accuracy": [
      0.9435108304023743,
      0.9414040446281433,
      0.9728334546089172,
      0.9772934317588806,
      0.9782790541648865,
      0.963211178779602,
      0.9811251163482666,
      0.9823448061943054,
      0.9827883839607239,
      0.9831333160400391,
      0.9805091023445129,
      0.9812359809875488,
      0.9808540344238281,
      0.9825912117958069,
      0.981925904750824,
      0.9827144145965576,
      0.9830717444419861,
      0.9832565188407898,
      0.9845625162124634,
      0.9843161106109619,
      0.9834906458854675,
      0.9825296401977539,
      0.9829485416412354,
      0.983884871006012,
      0.983478307723999,
      0.9847226738929749,
      0.9846118092536926,
      0.9851661920547485,
      0.9848335385322571,
      0.9842298626899719
    ],
    "precision": [
      0.9656462073326111,
      0.9620747566223145,
      0.9810919761657715,
      0.9835816621780396,
      0.9845997095108032,
      0.9754633903503418,
      0.986717164516449,
      0.9872922897338867,
      0.9876827001571655,
      0.987540602684021,
      0.9855378866195679,
      0.9863901138305664,
      0.9862902164459229,
      0.9873625040054321,
      0.986369252204895,
      0.9870384335517883,
      0.987689197063446,
      0.9877199530601501,
      0.9880528450012207,
      0.9882417321205139,
      0.9873282313346863,
      0.9868895411491394,
      0.9873706102371216,
      0.9877931475639343,
      0.9877983331680298,
      0.9880140423774719,
      0.988318681716919,
      0.9885293245315552,
      0.9883115291595459,
      0.9877959489822388
    ],
    "recall": [
      0.8907178044319153,
      0.9010546207427979,
      0.9550797343254089,
      0.9654165506362915,
      0.9649237394332886,
      0.9394450783729553,
      0.9692235589027405,
      0.9734740853309631,
      0.9741024374961853,
      0.974570631980896,
      0.9714042544364929,
      0.9715151786804199,
      0.9705418348312378,
      0.9731784462928772,
      0.9735726714134216,
      0.974804699420929,
      0.9736343026161194,
      0.9751127362251282,
      0.9781681895256042,
      0.9775028824806213,
      0.9772318601608276,
      0.974718451499939,
      0.976702094078064,
      0.9760490655899048,
      0.9764679670333862,
      0.9780080318450928,
      0.9777616262435913,
      0.9789443612098694,
      0.9792400598526001,
      0.9782667756080627
    ],